CHR	POS1	POS2	N_CHR	R^2	D	Dprime
LG12	5455	7708	72	0.0201613	-0.0154321	-1
LG12	5455	9770	72	0.0333333	0.0277778	0.4
LG12	5455	12279	72	0.0536823	0.0339506	0.44898
LG12	5455	15432	72	0.0514706	0.0324074	1
LG12	5455	17786	72	0.0244141	0.0154321	0.15625
LG12	5455	19854	72	0.00965251	0.0154321	0.27027
LG12	5455	21815	72	0.013986	0.0185185	0.307692
LG12	5455	23814	72	0.13587	0.0231481	0.625
LG12	5455	24326	72	0.00474071	0.0108025	0.205882
LG12	5455	26564	72	0.0664894	0.0385802	1
LG12	5455	28845	72	0.228571	0.0246914	1
LG12	5455	32061	72	0	0	0
LG12	5455	33201	72	0.0900735	0.0216049	0.4375
LG12	5455	35835	72	0.00420168	0.00925926	0.117647
LG12	5455	38196	72	0.13587	0.0231481	0.625
LG12	5455	41214	72	0.0319426	0.0216049	0.237288
LG12	5455	44167	72	0.0302048	-0.0262346	-0.653846
LG12	5455	46175	72	0.0142857	-0.0185185	-0.4
LG12	5455	47192	72	0.00668896	-0.0123457	-0.307692
LG12	5455	49327	72	0.0328947	-0.0231481	-1
LG12	7708	9770	72	0.00387097	-0.0104167	-0.2
LG12	7708	12279	72	0.00481438	0.0111883	0.118367
LG12	7708	15432	72	0.0286799	0.0266204	0.657143
LG12	7708	17786	72	0.0129032	0.0123457	0.129032
LG12	7708	19854	72	0.110604	0.0574846	0.805405
LG12	7708	21815	72	0.0758403	0.0474537	0.630769
LG12	7708	23814	72	0.00701262	-0.00578704	-1
LG12	7708	24326	72	0.000499351	-0.00385802	-0.0526316
LG12	7708	26564	72	0.0154235	0.0204475	0.424
LG12	7708	28845	72	0.00460829	-0.00385802	-1
LG12	7708	32061	72	0.0193548	-0.0208333	-0.6
LG12	7708	33201	72	0.00948767	-0.00771605	-1
LG12	7708	35835	72	0.0338845	0.0289352	0.294118
LG12	7708	38196	72	0.00701262	-0.00578704	-1
LG12	7708	41214	72	0.00707406	-0.0111883	-0.446154
LG12	7708	44167	72	0.0911641	-0.0501543	-1
LG12	7708	46175	72	0.00903226	-0.0162037	-0.28
LG12	7708	47192	72	0.00261085	-0.00848765	-0.169231
LG12	7708	49327	72	0.0424448	-0.0289352	-1
LG12	9770	12279	72	0.0724638	0.0607639	0.304348
LG12	9770	15432	72	0.0598195	0.0538194	0.492063
LG12	9770	17786	72	0.00833333	-0.0138889	-0.333333
LG12	9770	19854	72	0.011583	0.0260417	0.135135
LG12	9770	21815	72	0.0228438	0.0364583	0.179487
LG12	9770	23814	72	0.015781	0.0121528	0.466667
LG12	9770	24326	72	0.109185	0.0798611	0.45098
LG12	9770	26564	72	0.0204823	0.0329861	0.253333
LG12	9770	28845	72	0.047619	0.0173611	1
LG12	9770	32061	72	0.0617284	-0.0520833	-0.555556
LG12	9770	33201	72	0.00392157	0.00694444	0.2
LG12	9770	35835	72	0.00504202	0.015625	0.0857143
LG12	9770	38196	72	0.015781	0.0121528	0.466667
LG12	9770	41214	72	8.69187e-05	0.00173611	0.0153846
LG12	9770	44167	72	0.00557414	0.0173611	0.0769231
LG12	9770	46175	72	0.132275	-0.0868056	-0.555556
LG12	9770	47192	72	0.00200669	-0.0104167	-0.0769231
LG12	9770	49327	72	0.106745	-0.0642361	-0.822222
LG12	12279	15432	72	0.0590621	0.0515046	0.552795
LG12	12279	17786	72	0.266304	0.0756173	1
LG12	12279	19854	72	0.00238512	0.0113812	0.0693302
LG12	12279	21815	72	0.00104864	-0.00752315	-0.0513834
LG12	12279	23814	72	0.0926276	0.0283565	1
LG12	12279	24326	72	0.0123317	0.0258488	0.171355
LG12	12279	26564	72	7.55159e-07	-0.000192901	-0.000925069
LG12	12279	28845	72	0.0608696	0.0189043	1
LG12	12279	32061	72	0.00029577	0.00347222	0.0204082
LG12	12279	33201	72	0.0501592	0.0239198	0.632653
LG12	12279	35835	72	0.0465354	0.0457176	0.230321
LG12	12279	38196	72	0.0241117	0.0144676	0.510204
LG12	12279	41214	72	0.0277936	-0.0298997	-0.518395
LG12	12279	44167	72	0.0204438	-0.0320216	-0.277592
LG12	12279	46175	72	0.024363	-0.0358796	-0.269565
LG12	12279	47192	72	0.00655542	-0.0181327	-0.157191
LG12	12279	49327	72	0.0419278	-0.0387731	-0.582609
LG12	15432	17786	72	0.0514706	0.0324074	1
LG12	15432	19854	72	0.316933	0.127894	0.902041
LG12	15432	21815	72	0.279779	0.119792	0.896104
LG12	15432	23814	72	0.0179028	0.0121528	1
LG12	15432	24326	72	0.460208	0.153935	1
LG12	15432	26564	72	0.388264	0.134838	0.708207
LG12	15432	28845	72	0.0117647	0.00810185	1
LG12	15432	32061	72	0.112356	-0.0659722	-0.372549
LG12	15432	33201	72	0.000494315	0.00231481	0.142857
LG12	15432	35835	72	0.00571994	0.015625	0.183673
LG12	15432	38196	72	0.000365364	-0.00173611	-0.0588235
LG12	15432	41214	72	0.0491821	0.0387731	0.736264
LG12	15432	44167	72	0.0236362	-0.0335648	-0.180124
LG12	15432	46175	72	0.0693878	-0.0590278	-0.346939
LG12	15432	47192	72	0.00812231	-0.0196759	-0.10559
LG12	15432	49327	72	0.121097	-0.0642361	-0.435294
LG12	17786	19854	72	0.132143	0.0570988	1
LG12	17786	21815	72	0.0874126	0.0462963	0.769231
LG12	17786	23814	72	0.347826	0.037037	1
LG12	17786	24326	72	0.0604683	0.0385802	0.735294
LG12	17786	26564	72	0.00521277	0.0108025	0.28
LG12	17786	28845	72	0.228571	0.0246914	1
LG12	17786	32061	72	0.09375	0.0416667	0.5
LG12	17786	33201	72	0.243107	0.0354938	0.71875
LG12	17786	35835	72	0.0262605	0.0231481	0.294118
LG12	17786	38196	72	0.13587	0.0231481	0.625
LG12	17786	41214	72	0.0275424	-0.0200617	-1
LG12	17786	44167	72	0.0302048	-0.0262346	-0.653846
LG12	17786	46175	72	0.000892857	-0.00462963	-0.1
LG12	17786	47192	72	0.00668896	-0.0123457	-0.307692
LG12	17786	49327	72	0.00131579	0.00462963	0.0526316
LG12	19854	21815	72	0.894505	0.235532	1
LG12	19854	23814	72	0.0459627	0.021412	1
LG12	19854	24326	72	0.343405	0.146219	0.636975
LG12	19854	26564	72	0.285406	0.127122	0.753143
LG12	19854	28845	72	0.0302041	0.0142747	1
LG12	19854	32061	72	0.0311454	-0.0381944	-0.314286
LG12	19854	33201	72	0.0163979	0.0146605	0.513514
LG12	19854	35835	72	0.000162227	-0.00289352	-0.0204082
LG12	19854	38196	72	0.005674	0.00752315	0.351351
LG12	19854	41214	72	0.0147403	0.023341	0.251559
LG12	19854	44167	72	0.0443202	-0.0505401	-0.287912
LG12	19854	46175	72	0.0407943	-0.0497685	-0.245714
LG12	19854	47192	72	0.000436461	0.00501543	0.027027
LG12	19854	49327	72	0.0507295	-0.0457176	-0.451429
LG12	21815	23814	72	0.0513834	0.0225694	1
LG12	21815	24326	72	0.418303	0.16088	0.743316
LG12	21815	26564	72	0.306675	0.131366	0.825455
LG12	21815	28845	72	0.0337662	0.0150463	1
LG12	21815	32061	72	0.020979	-0.03125	-0.272727
LG12	21815	33201	72	0.0201563	0.0162037	0.538462
LG12	21815	35835	72	0.000528883	0.00520833	0.032967
LG12	21815	38196	72	0.00760109	0.00868056	0.384615
LG12	21815	41214	72	0.00569834	0.0144676	0.147929
LG12	21815	44167	72	0.0286503	-0.0405093	-0.244755
LG12	21815	46175	72	0.044955	-0.0520833	-0.272727
LG12	21815	47192	72	2.3388e-05	0.00115741	0.00591716
LG12	21815	49327	72	0.03894	-0.0399306	-0.418182
LG12	23814	24326	72	0.0389016	0.0196759	1
LG12	23814	26564	72	0.0231267	0.0144676	1
LG12	23814	28845	72	0.657143	0.0266204	1
LG12	23814	32061	72	0.130435	0.03125	1
LG12	23814	33201	72	0.73913	0.0393519	1
LG12	23814	35835	72	0.10559	0.0295139	1
LG12	23814	38196	72	0.425331	0.0260417	0.652174
LG12	23814	41214	72	0.00957996	-0.00752315	-1
LG12	23814	44167	72	0.0245747	-0.0150463	-1
LG12	23814	46175	72	0.0310559	-0.0173611	-1
LG12	23814	47192	72	0.0245747	-0.0150463	-1
LG12	23814	49327	72	0.0114416	-0.00868056	-1
LG12	24326	26564	72	0.13103	0.086034	0.469474
LG12	24326	28845	72	0.0255639	0.0131173	1
LG12	24326	32061	72	0.00928793	-0.0208333	-0.157895
LG12	24326	33201	72	0.0116554	0.0123457	0.470588
LG12	24326	35835	72	0.00314801	0.0127315	0.092437
LG12	24326	38196	72	0.00336519	0.00578704	0.294118
LG12	24326	41214	72	0.000100912	0.00192901	0.0226244
LG12	24326	44167	72	0.024861	-0.0378086	-0.198381
LG12	24326	46175	72	0.0743919	-0.0671296	-0.305263
LG12	24326	47192	72	0.00995061	-0.0239198	-0.125506
LG12	24326	49327	72	0.0172397	-0.0266204	-0.242105
LG12	26564	28845	72	0.0151976	0.00964506	1
LG12	26564	32061	72	0.0343262	-0.0381944	-0.234043
LG12	26564	33201	72	0.00245307	0.00540123	0.28
LG12	26564	35835	72	0.0566494	-0.0515046	-0.270517
LG12	26564	38196	72	3.70028e-05	0.000578704	0.04
LG12	26564	41214	72	0.0710244	0.048804	0.778462
LG12	26564	44167	72	2.84637e-06	0.000385802	0.00307692
LG12	26564	46175	72	0.0449605	-0.0497685	-0.245714
LG12	26564	47192	72	0.00389668	0.0142747	0.113846
LG12	26564	49327	72	0.0741859	-0.052662	-0.387234
LG12	28845	32061	72	0.0857143	0.0208333	1
LG12	28845	33201	72	0.485714	0.0262346	1
LG12	28845	35835	72	0.0693878	0.0196759	1
LG12	28845	38196	72	0.657143	0.0266204	1
LG12	28845	41214	72	0.0062954	-0.00501543	-1
LG12	28845	44167	72	0.0161491	-0.0100309	-1
LG12	28845	46175	72	0.0204082	-0.0115741	-1
LG12	28845	47192	72	0.0161491	-0.0100309	-1
LG12	28845	49327	72	0.0075188	-0.00578704	-1
LG12	32061	33201	72	0.176471	0.0416667	1
LG12	32061	35835	72	0.00778089	-0.0173611	-0.238095
LG12	32061	38196	72	0.130435	0.03125	1
LG12	32061	41214	72	0.0734463	-0.0451389	-1
LG12	32061	44167	72	0.00111483	-0.00694444	-0.0769231
LG12	32061	46175	72	0.0518519	0.0486111	0.333333
LG12	32061	47192	72	0.0100334	0.0208333	0.130435
LG12	32061	49327	72	0.0658869	0.0451389	0.288889
LG12	33201	35835	72	0.142857	0.0393519	1
LG12	33201	38196	72	0.73913	0.0393519	1
LG12	33201	41214	72	0.0129611	-0.0100309	-1
LG12	33201	44167	72	0.0332481	-0.0200617	-1
LG12	33201	46175	72	0.00672269	-0.00925926	-0.4
LG12	33201	47192	72	0.0332481	-0.0200617	-1
LG12	33201	49327	72	0.000619195	0.00231481	0.0526316
LG12	35835	38196	72	0.10559	0.0295139	1
LG12	35835	41214	72	0.0907278	-0.052662	-1
LG12	35835	44167	72	0.0850173	-0.0636574	-0.604396
LG12	35835	46175	72	0.0290516	-0.0381944	-0.314286
LG12	35835	47192	72	0.175403	-0.0914352	-0.868132
LG12	35835	49327	72	0.00221141	0.00868056	0.0588235
LG12	38196	41214	72	0.00957996	-0.00752315	-1
LG12	38196	44167	72	0.0245747	-0.0150463	-1
LG12	38196	46175	72	0.00124224	-0.00347222	-0.2
LG12	38196	47192	72	0.0245747	-0.0150463	-1
LG12	38196	49327	72	0.00411899	0.00520833	0.157895
LG12	41214	44167	72	0.0300393	0.0320216	0.277592
LG12	41214	46175	72	0.0134476	0.0219907	0.208791
LG12	41214	47192	72	0.00963228	0.0181327	0.157191
LG12	41214	49327	72	0.00396624	-0.00983796	-0.261538
LG12	44167	46175	72	0.0115624	-0.025463	-0.169231
LG12	44167	47192	72	0.268733	0.119599	0.518395
LG12	44167	49327	72	0.0591797	-0.0474537	-0.630769
LG12	46175	47192	72	0.0161491	0.0300926	0.142857
LG12	46175	49327	72	0.368421	0.121528	1
LG12	47192	49327	72	0.148741	-0.0752315	-1
